0,net.jforum.JForum
1,net.jforum.util.preferences.SystemGlobals
2,net.jforum.util.preferences.VariableExpander
3,net.jforum.JForumExecutionContext
4,net.jforum.context.web.WebRequestContext
5,net.jforum.UrlPatternCollection
6,net.jforum.UrlPattern
7,net.jforum.context.web.WebResponseContext
8,net.jforum.context.JForumContext
9,net.jforum.ControllerUtils
10,net.jforum.SessionFacade
11,net.jforum.context.web.WebSessionContext
12,net.jforum.cache.DefaultCacheEngine
13,net.jforum.entities.UserSession
14,net.jforum.repository.SecurityRepository
15,net.jforum.security.PermissionControl
16,net.jforum.util.I18n
17,net.jforum.repository.ModulesRepository
18,net.jforum.entities.Banlist
19,net.jforum.repository.BanlistRepository
20,net.jforum.Command
21,net.jforum.view.forum.ModerationAction
22,net.jforum.dao.DataAccessDriver
23,net.jforum.dao.generic.GenericDataAccessDriver
24,net.jforum.view.forum.common.ViewCommon
25,net.jforum.dao.generic.GenericModerationLogDAO
26,net.jforum.DBConnection
27,net.jforum.SimpleConnection
28,net.jforum.util.DbUtils
29,net.jforum.dao.hsqldb.HsqldbDataAccessDriver
30,net.jforum.repository.Tpl
31,net.jforum.view.forum.UserAction
32,net.jforum.dao.generic.GenericUserDAO
33,net.jforum.entities.User
34,net.jforum.entities.KarmaStatus
35,net.jforum.entities.Group
36,net.jforum.repository.RankingRepository
37,net.jforum.dao.generic.GenericBookmarkDAO
38,net.jforum.dao.generic.GenericTopicDAO
39,net.jforum.repository.ForumRepository
40,net.jforum.entities.Category
41,net.jforum.security.RoleCollection
42,net.jforum.security.Role
43,net.jforum.security.RoleValue
44,net.jforum.security.RoleValueCollection
45,net.jforum.entities.Forum
46,net.jforum.dao.generic.GenericPostDAO
47,net.jforum.entities.Ranking
48,net.jforum.util.legacy.commons.fileupload.servlet.ServletRequestContext
49,net.jforum.util.legacy.commons.fileupload.FileUploadBase
50,net.jforum.sso.DefaultLoginAuthenticator
51,net.jforum.util.MD5
52,net.jforum.dao.generic.GenericUserSessionDAO
53,net.jforum.dao.generic.security.GenericGroupSecurityDAO
54,net.jforum.repository.RolesRepository
55,net.jforum.dao.generic.security.SecurityCommon
56,net.jforum.InstallServlet
57,net.jforum.view.install.InstallAction
58,net.jforum.ConfigLoader
59,net.jforum.util.FileMonitor
60,net.jforum.util.preferences.SystemGlobalsListener
61,net.jforum.view.install.ParseDBStructFile
62,net.jforum.view.install.ParseDBDumpFile
63,net.jforum.dao.generic.AutoKeys
64,net.jforum.dao.hsqldb.HsqldbPostDAO
65,net.jforum.dao.hsqldb.HsqldbUserDAO
66,net.jforum.dao.hsqldb.HsqldbTopicDAO
67,net.jforum.entities.Topic
68,net.jforum.entities.Post
69,net.jforum.search.SearchFacade
70,net.jforum.dao.generic.GenericForumDAO
71,net.jforum.view.forum.PrivateMessageAction
72,net.jforum.entities.PrivateMessage
73,net.jforum.dao.generic.GenericPrivateMessageDAO
74,net.jforum.repository.SmiliesRepository
75,net.jforum.entities.Smilie
76,net.jforum.view.forum.ForumAction
77,net.jforum.view.forum.PostAction
78,net.jforum.repository.TopicRepository
79,net.jforum.view.forum.common.TopicsCommon
80,net.jforum.view.forum.common.PostCommon
81,net.jforum.dao.generic.GenericKarmaDAO
82,net.jforum.util.SafeHtml
83,net.jforum.repository.BBCodeRepository
84,net.jforum.util.bbcode.BBCodeHandler
85,net.jforum.util.bbcode.BBCode
86,net.jforum.view.forum.common.AttachmentCommon
87,net.jforum.view.forum.common.ForumCommon
88,net.jforum.dao.generic.GenericAttachmentDAO
89,net.jforum.entities.Attachment
90,net.jforum.entities.AttachmentInfo
91,net.jforum.entities.AttachmentExtension
92,net.jforum.entities.ModeratorInfo
93,net.jforum.util.mail.Spammer
94,net.jforum.util.mail.LostPasswordSpammer
95,net.jforum.util.mail.EmailSenderTask
96,net.jforum.util.concurrent.Executor
97,net.jforum.view.forum.HottestTopicsAction
98,net.jforum.view.forum.AjaxAction
99,net.jforum.view.forum.SearchAction
100,net.jforum.search.SearchOperation
101,net.jforum.search.ContentSearchOperation
102,net.jforum.search.SearchArgs
103,net.jforum.search.LuceneManager
104,net.jforum.search.LuceneSearch
105,net.jforum.search.LuceneSettings
106,net.jforum.search.SearchResult
107,net.jforum.view.forum.RecentTopicsAction
108,net.jforum.util.legacy.commons.fileupload.disk.DiskFileItemFactory
109,net.jforum.util.legacy.commons.fileupload.FileUpload
110,net.jforum.util.legacy.commons.fileupload.servlet.ServletFileUpload
111,net.jforum.util.legacy.commons.fileupload.ParameterParser
112,net.jforum.util.legacy.commons.fileupload.MultipartStream
113,net.jforum.util.legacy.commons.fileupload.disk.DiskFileItem
114,net.jforum.view.forum.common.UploadUtils
115,net.jforum.entities.QuotaLimit
116,net.jforum.view.forum.common.PollCommon
117,net.jforum.search.LuceneIndexer
118,net.jforum.util.image.ImageUtils
119,net.jforum.entities.TopicTypeComparator
120,net.jforum.entities.LastPostInfo
121,net.jforum.util.ForumOrderComparator
122,net.jforum.util.CategoryOrderComparator
123,net.jforum.view.forum.BookmarkAction
124,net.jforum.entities.Bookmark
125,net.jforum.util.mail.PrivateMessageSpammer
126,net.jforum.view.forum.KarmaAction
127,net.jforum.entities.Karma
128,net.jforum.entities.MostUsersEverOnline
129,net.jforum.dao.generic.GenericConfigDAO
130,net.jforum.entities.Config
131,net.jforum.JForumBaseServlet
132,net.jforum.repository.PostRepository
133,net.jforum.search.NewMessagesSearchOperation
134,net.jforum.view.forum.common.UserCommon
